Timestamp (millisec since midnight today),Test time,pwm_duty_limb0_fwd,pwm_duty_limb0_rev,pwm_duty_limb1_fwd,pwm_duty_limb1_rev,unconstrained_pwm_duty_lim0_fwd,unconstrained_pwm_duty_lim0_rev,unconstrained_pwm_duty_lim1_fwd,unconstrained_pwm_duty_lim1_rev,u_setpoint_limb0,u_setpoint_limb1,temp_limit,Bendlabs_0,Bendlabs_1,MCPtemp_0,MCPtemp_1,MCPtemp_2,MCPtemp_3,tagid_x_101,tagid_y_101,tagid_x_102,tagid_y_102,tagid_x_103,tagid_y_103,tagid_x_104,tagid_y_104,tagid_x_105,tagid_y_105,tagid_x_106,tagid_y_106,tagid_x_107,tagid_y_107,tagid_x_108,tagid_y_108,tagid_x_109,tagid_y_109
62568092,0,0,0,0,0,0,0,0,0,0,0,115,0,0,31.88,30.5,35,30.75,0,0,0,0,0,0,0,0,0,0,0,0,0,0,0,0,0,0
62568292,0,0,0,0,0,0,0,0,0,0,0,115,0,0,31.88,30.5,35,30.75,0,0,0,0,0,0,0,0,0,0,0,0,0,0,0,0,0,0
62568492,0.2,0,0,0,0,0,0,0,0,0,0,115,0,0,31.69,30.5,34.81,30.75,0,0,0,0,0,0,0,0,0,0,0,0,0,0,0,0,0,0
62568692,0.399,0,0,0,0,0,0,0,0,0,0,115,0,0,31.69,30.5,34.81,30.75,0,0,0,0,0,0,0,0,0,0,0,0,0,0,0,0,0,0
62568892,0.599,0,0,0,0,0,0,0,0,0,0,115,0,0,31.63,30.38,34.5,30.69,0,0,0,0,0,0,0,0,0,0,0,0,0,0,0,0,0,0
62569092,0.799,0,0,0,0,0,0,0,0,0,0,115,0,0,31.63,30.38,34.5,30.69,0,0,0,0,0,0,0,0,0,0,0,0,0,0,0,0,0,0
62569292,1,0,0,0,0,0,0,0,0,0,0,115,0,0,31.63,30.38,34.5,30.69,34.1435830849976,54.4037397671102,110.491915207331,70.3918234378839,169.887486128617,95.9316947927113,225.681624741399,129.175224871189,285.713229323121,171.753144821557,347.075587593708,219.324847246692,399.390959772507,259.314539841885,441.165577262486,296.199977324638,486.635255250389,334.370620128
62569492,1.2,0.35,0,0,0,0.35,0,0,0,0.35,0,115,0,0,31.44,30.38,34.63,30.69,33.2706401008992,53.8785361505669,109.691669170099,69.7143119472557,169.455668522887,95.3826060346732,225.150295845563,128.771091915869,285.240627357391,171.794851748868,346.728812407602,219.700044537857,399.291154773707,259.858288250981,441.11541828914,296.354969279468,486.522338014236,335.462402121777
62569692,1.401,0.35,0,0,0,0.35,0,0,0,0.35,0,115,0,0,31.44,30.38,34.63,30.69,33.6084358092679,54.1650638362219,110.055034758855,70.0361644332465,169.407780776844,96.1946180559384,224.855211023987,129.943947175747,284.21005506195,173.613781318953,345.33328213523,221.754144426982,396.6941088369,263.004249309391,437.847655646695,300.523465088653,482.776159804342,339.714541278009
62569892,1.6,0.35,0,0,0,0.35,0,0,0,0.35,0,115,0,0,31.44,30.31,34.31,30.63,33.6071980927296,54.2320299720076,109.896504608131,70.1610311486745,169.194292589142,96.6718111465544,224.150063414795,131.021980341952,283.067428231338,175.471550766181,343.198980840055,224.707946424044,394.213501472457,266.194853470233,434.951725797686,304.18387801111,479.27756068338,343.681068441346
62570092,1.802,0.35,0,0,0,0.35,0,0,0,0.35,0,115,0,0,31.44,30.31,34.31,30.63,33.649857782767,54.1486666795393,109.853473052553,70.1732885139305,168.795498050822,97.372855789142,223.018149901546,132.977849484162,280.704832362199,178.831996943245,339.380154846777,229.618724734768,389.433983101635,272.307532136093,429.006801732638,311.308017897461,472.315126747143,351.683019124902
62570293,2,0.35,0,0,0,0.35,0,0,0,0.35,0,115,0,0,31.44,30.31,34.31,30.63,33.636093134442,54.138943753474,109.849303198251,70.2658096484327,168.308996241473,98.0562346413935,221.62683437905,134.773827021505,277.996352457721,182.23989146444,335.272633231022,234.613117767675,385.194180523478,277.243057011693,422.511794176286,318.856650763259,464.47693125644,360.450277167651
62570493,2.201,0.25,0,0,0,0.25,0,0,0,0.25,0,115,0,0,31,30.94,34.25,30.38,33.7116029321318,54.1453293377386,109.718586192759,70.4970021591656,167.727114354938,99.1688674756202,219.631497309261,137.67697430201,274.032150151025,187.265852405011,329.151837506111,241.758061091607,376.037852682864,287.620430064184,412.871325021657,329.144467070735,452.994522356817,372.280109265603
62570693,2.4,0.25,0,0,0,0.25,0,0,0,0.25,0,115,0,0,31,30.94,34.25,30.38,33.5947262488473,54.1336382107893,109.515872189936,70.3256946302668,167.330586880958,99.3512514392509,218.547361252512,138.73134385501,272.068372244662,189.615264272813,325.872771344668,245.294938354348,372.6711129936,291.220738688623,408.862908875913,333.131144031663,448.349544306373,376.75959780723
62570894,2.601,0.25,0,0,0,0.25,0,0,0,0.25,0,115,0,0,31,32.25,34.13,30.56,33.7061126253472,54.1417129712627,109.39145668594,70.5890189441249,166.780973635092,100.416076135882,216.801644866888,141.270693570186,268.215227015004,193.840105012989,320.066077195757,251.352955974557,364.225671990976,299.768794672401,398.65913863787,343.229955254409,436.325267928486,388.397618572423
62571095,2.802,0.25,0,0,0,0.25,0,0,0,0.25,0,115,0,0,31,32.25,34.13,30.56,33.6753999553128,54.2236841006672,109.323128870901,70.7038492725305,166.257473541066,100.955866953703,215.572512538447,142.70948904005,265.719956331773,196.426841084881,316.282863359023,254.984102850648,359.57745801646,304.203571025825,393.107248211526,348.158997736024,430.040482599176,394.012091835456
62571294,3.002,0.2,0,0,0,0.2,0,0,0,0.2,0,115,0,0,31,32.25,34.13,30.56,33.6491818556349,54.2145797000147,109.278905308248,70.9107706347042,165.745468814398,102.011699715504,213.640268825634,144.984606043866,261.920700316553,200.390834371676,310.426790681187,260.697880278231,351.767615679622,311.274072542517,388.27584672392,352.373531004067,418.865975685494,403.499217843397
62571494,3.202,0.2,0,0,0,0.2,0,0,0,0.2,0,115,0,0,30.81,34.13,34.31,30.44,33.7230088991967,54.181706152203,109.306154535913,70.8925967296134,165.61615942846,102.052054217391,213.149902124618,145.363471232782,261.010496764864,201.192670618453,308.872221899359,261.805319864472,349.998687562662,312.594963429687,381.663703856416,357.853690840831,416.646821708265,405.252022769284
62571694,3.403,0.2,0,0,0,0.2,0,0,0,0.2,0,115,0,0,30.81,34.13,34.31,30.44,33.7567485119265,54.1574061427252,109.208654507843,71.0235876837621,165.084096702919,102.675809968524,211.819445224914,146.862868321222,258.186238718374,203.85177750172,304.643645214849,265.688759105269,344.321715703747,317.518769318266,374.950805440538,363.575815978169,408.449747256705,411.710356276551
62571894,3.601,0.2,0,0,0,0.2,0,0,0,0.2,0,115,0,0,31,36.38,34.25,30.44,33.5219071624418,54.132371422372,109.058108574506,70.9777476563028,164.842712377678,102.937690010366,211.146096288745,147.480709207518,257.045848499943,204.913024937658,302.894886711061,267.239858324292,342.289867935998,319.35150669239,372.556355325415,365.571164251889,405.863157708535,413.90261112586
62572094,3.802,0.2,0,0,0,0.2,0,0,0,0.2,0,115,0,0,31,36.38,34.25,30.44,33.5902057219213,54.1289204062182,109.018010299464,71.0011086737642,164.622644983601,103.225456878699,210.440136152467,148.271121521911,255.37416272765,206.440035569115,300.278805790463,269.38768156574,338.803685721401,322.206493051549,369.393382145503,367.888841458604,400.642958155368,417.864954721848
62572294,4.002,0.1,0,0,0,0.1,0,0,0,0.1,0,115,0,0,31,36.38,34.25,30.44,33.662071091605,54.2154811228477,108.911961556479,71.1173606824177,164.415203540062,103.663475851619,209.849840258595,149.086399660523,254.168457442191,207.533770478087,298.59596751288,270.78618571683,336.772788827103,323.747196419999,365.870751675576,370.503750463206,398.257144653012,419.529179238014
62572494,4.203,0.1,0,0,0,0.1,0,0,0,0.1,0,115,0,0,30.94,38.88,34.19,30.44,33.6650367782668,54.0973059850543,108.924581330891,71.0718924852159,164.444426112613,103.600277943366,209.91897860098,149.030867751565,254.229356369822,207.503683196552,298.608848837881,270.796159193019,336.651292534444,323.8616025151,365.757581641901,370.706385531437,397.901887527741,419.858414040864
62572695,4.402,0.1,0,0,0,0.1,0,0,0,0.1,0,115,0,0,30.94,38.88,34.19,30.44,33.6286848994758,54.1564672159239,108.946431426788,71.0941554234568,164.500358937685,103.566998554244,210.055015914463,148.767839433777,254.740747812556,207.149071323659,299.337884600391,270.283298872179,337.588328874933,323.070998531101,366.954822264134,369.785746126808,399.33103395954,418.735115339659
62572894,4.604,0.1,0,0,0,0.1,0,0,0,0.1,0,115,0,0,30.81,43,33.88,30.38,33.7299783949891,54.1934159588712,108.973741927733,71.166693732425,164.481956628525,103.690533706075,209.954423194922,149.10570875997,254.201495580353,207.496451780583,298.669040532242,270.662880009046,336.866504808163,323.655928290199,366.005733765457,370.456228731486,398.266221095617,419.531568182998
62573094,4.808,0.1,0,0,0,0.1,0,0,0,0.1,0,115,0,0,30.81,43,33.88,30.38,33.6328041017372,54.1819400292106,108.933278611485,71.1179470462414,164.496307856119,103.622421905754,210.06694478287,148.977402427702,254.575174511336,207.409765491548,299.037587546377,270.511786680975,337.296098024734,323.468891490513,366.448642698773,370.270143157737,398.712092243851,419.255825388665
62573294,5.002,0,0,0,0,0,0,0,0,0,0,115,0,0,30.81,43,33.88,30.38,33.6431253422839,54.2081607654854,108.965134796324,71.1515652512429,164.565535915286,103.570971026102,210.312609965607,148.734237500908,255.175640643368,206.872178154044,300.011603603129,269.804542739879,338.543523678339,322.457850632286,366.904068505603,369.83084158804,400.627439799088,417.799336474436
62573494,5.202,0,0,0,0,0,0,0,0,0,0,115,0,0,30.75,44.31,33.75,30.31,33.66103160914,54.2242012707178,109.022872528977,71.1612646197093,164.697381115103,103.454146100947,210.766814043582,148.319002090914,255.931534963597,206.155286048487,301.185687125499,268.788921370297,340.053260611967,321.255847162206,369.732995716822,367.56332871474,402.676493451047,416.273988432768
62573695,5.402,0,0,0,0,0,0,0,0,0,0,115,0,0,30.75,44.31,33.75,30.31,33.7082386690901,54.1648818860117,109.037496219655,71.1396943754614,164.905129283593,103.222364568784,211.260272802576,147.802847645271,257.028217241852,205.228937844998,302.793240307378,267.479795937827,342.134618971105,319.538617328058,372.282546555394,365.698005211407,405.567394219614,413.911655491382
62573894,5.602,0,0,0,0,0,0,0,0,0,0,115,0,0,30.69,47.94,33.69,30.31,33.6147100704328,54.1054356637691,109.144909624461,71.0628097602202,164.947177111579,103.005826089672,211.603446138902,147.354058257143,257.641250138219,204.53825344238,303.820239892553,266.51388075121,343.465410970167,318.468454359664,373.906997820115,364.438663748383,407.50580944384,412.675520599976
62574094,5.804,0,0,0,0,0,0,0,0,0,0,115,0,0,30.69,47.94,33.69,30.31,33.694319889168,54.1112745889098,109.207180670396,71.0748499077253,165.164424285392,102.736100552679,212.199249334178,146.830564780626,258.877795170185,203.517984088799,305.535117595928,264.999452895862,345.716134608336,316.508632775072,376.668858912531,362.280187081193,410.766085003306,410.085258473932
62574294,6.006,0,0,0.35,0,0,0,0.35,0,0,0.35,115,0,0,30.69,47.94,33.69,30.31,33.5606182047158,54.1174296233115,109.19286288523,71.0162239609194,165.225971596078,102.596058086362,212.484117721345,146.36818183391,259.522245282524,202.844780108265,306.696002371935,264.079130067419,347.041725348183,315.568749776212,377.94429909391,361.165084596694,412.097868729148,409.093767969057
62574494,6.201,0,0,0.35,0,0,0,0.35,0,0,0.35,115,0,0,30.63,49,33.63,30.25,33.6250667616381,54.147653503728,109.249592703204,71.0483196655224,165.448538924426,102.449292931084,212.973857323999,146.002236209003,260.50376374719,202.043753163977,308.067762785743,262.884775910163,348.617611651319,314.125392867635,379.631643993424,359.740982380771,413.757993461809,407.544861154345
62574695,6.402,0,0,0.35,0,0,0,0.35,0,0,0.35,115,0,0,30.63,49,33.63,30.25,33.6118156869939,54.1123890438313,109.272137352691,70.9445597734092,165.566216247222,102.165777192077,213.433940419244,145.308835856863,261.470696087575,200.927219505348,309.601455885171,261.357902835775,350.301893852427,312.520060285698,381.292778891593,358.077173734943,415.027085279449,406.291673880027
62574896,6.602,0,0,0.35,0,0,0,0.35,0,0,0.35,115,0,0,30.31,51.56,33.69,30.25,33.6847376404239,54.1803800131527,109.228201868402,70.9932925107849,165.767931412432,102.173685991568,213.833661029454,145.003885618742,262.31075256994,200.288629463707,310.794470696092,260.301685065871,351.508145774073,311.365577968908,382.235765366365,357.01794639709,415.726544148045,405.376277289129
62575095,6.803,0,0,0.35,0,0,0,0.35,0,0,0.35,115,0,0,30.31,51.56,33.69,30.25,33.600613983462,54.1569863202775,109.255716832964,70.7941887481219,165.939745827041,101.809438469916,214.463392744759,144.391277947839,263.32245546034,199.242440647788,312.263295011664,258.89487658672,352.790069309843,310.099411209524,382.98050172015,356.188566883628,415.287374428654,405.14370856618
62575296,7.004,0,0,0.25,0,0,0,0.25,0,0,0.25,115,0,0,30.31,51.56,33.69,30.25,33.6091468990387,54.1262682134505,109.16381825632,70.8214191313307,166.069706479559,101.638549253318,214.845217626555,143.928788613355,264.193653139205,198.407169474886,313.463067712545,257.730735215406,353.823018888871,308.962290111036,383.398921916823,355.377507131818,414.850247860025,404.934145706712
62575495,7.206,0,0,0.25,0,0,0,0.25,0,0,0.25,115,0,0,30.44,52.19,39.13,30.25,33.6394245390725,54.1835764586852,109.318013079533,70.8627865076538,166.274622339079,101.364310781497,215.291591306204,143.514877947912,264.846290786793,197.503059036475,314.705721187109,256.428306857776,354.893265915423,307.785563308483,383.758596585118,354.51427358928,414.103601187865,404.811581136205
62575695,7.404,0,0,0.25,0,0,0,0.25,0,0,0.25,115,0,0,30.44,52.19,39.13,30.25,33.6857462349618,54.2289849711972,109.36191816418,70.8142201652517,166.420379197652,101.319191054342,215.701750874027,143.060113040167,265.618916734781,196.837603441386,315.71425968892,255.248009128894,355.692077050737,306.744265912679,383.885937644387,354.070341006775,412.941580027959,404.896634103709
62575895,7.605,0,0,0.25,0,0,0,0.25,0,0,0.25,115,0,0,30.38,53.63,42.31,30.19,33.7480721588206,54.1699835391422,109.546324459371,70.8160563393129,166.542046625059,101.13708290003,216.056826461994,142.665364696908,266.466729981625,196.020337385639,316.904030767974,254.116909488717,356.535095789577,305.765024322275,383.971791929299,353.398434962607,411.893837080008,404.942675074375
62576099,7.803,0,0,0.25,0,0,0,0.25,0,0,0.25,115,0,0,30.38,53.63,42.31,30.19,33.7474227466283,54.2145306980886,109.582950345119,70.8250657386689,166.661734134699,100.95080850063,216.425179758329,142.233458124977,267.155124318747,195.249772247384,317.885461058134,252.936171944498,357.270856244492,304.805263777863,384.069463227502,352.768948075956,410.697077198507,404.996338482546
62576299,8.006,0,0,0.2,0,0,0,0.2,0,0,0.2,115,0,0,30.38,53.63,42.31,30.19,33.7642616962389,54.1689232674049,109.529905025274,70.7842114598042,166.828952298293,100.742572905404,216.733446038782,141.773805947849,267.756185208499,194.577971206875,318.848563090935,251.931116440354,358.027529431603,303.774254585851,384.385732631777,351.983270926413,410.12055991478,404.800122018554
62576499,8.206,0,0,0.2,0,0,0,0.2,0,0,0.2,115,0,0,30.31,54.38,50.94,30.13,33.7471347448103,54.140229892347,109.56305759508,70.6599745587958,166.877613646405,100.546703646203,217.054484755853,141.206806098589,268.435937774105,193.768508263695,319.717728023045,250.870144594356,358.940649502245,302.836703084459,384.829166205734,351.274651011611,409.926574762949,404.398398511611
62576699,8.407,0,0,0.2,0,0,0,0.2,0,0,0.2,115,0,0,30.31,54.38,50.94,30.13,33.7452645325785,54.1585215452783,109.560809797188,70.6737922855948,166.895166543449,100.423996628208,217.222499373542,141.019249577505,268.890162257525,193.266826494113,320.448317243451,250.075863376445,359.676348810699,302.08000741232,385.085842844022,350.855156654387,409.529214197232,404.14102602547
62576899,8.607,0,0,0.2,0,0,0,0.2,0,0,0.2,115,0,0,30.25,54.5,57.94,30.06,33.6687051143741,54.0899488060898,109.49533380495,70.67564784038,166.981668455318,100.246075027101,217.528183264232,140.608824553899,269.452378412634,192.652263692045,321.266048420875,249.168103804183,360.388416343087,301.21525893197,385.541438136408,350.082013321275,409.404972264042,403.782613784843
62577100,8.807,0,0,0.2,0,0,0,0.2,0,0,0.2,115,0,0,30.25,54.5,57.94,30.06,33.6184321587272,54.1027107604539,109.530121647517,70.6277208367497,167.070877926031,100.08302188169,217.731496629572,140.294027515096,269.870396393138,192.151695025247,322.030177101926,248.481084948268,361.037269423953,300.581753252572,385.828206004822,349.637215392814,408.991099547718,403.61014771129
62577300,9.008,0,0,0.1,0,0,0,0.1,0,0,0.1,115,0,0,30.25,54.5,57.94,30.06,33.5893898353304,54.0690842559498,109.527305427519,70.6036651419461,167.090566400458,99.9730291142552,217.966334419029,140.019819171454,270.357286560097,191.736593725661,322.605908672767,247.871478785127,361.801457930823,299.806517161711,386.546163339268,348.936067468317,409.803763751296,402.801625727864
62577500,9.207,0,0,0.1,0,0,0,0.1,0,0,0.1,115,0,0,30.19,54.75,64.31,30.06,33.5929916994066,54.0920223063914,109.517902784623,70.6369604480648,167.162523649498,99.9729789735946,218.141344611892,139.887285798663,270.716470175099,191.363455070711,323.123971215855,247.346605021085,362.478862207349,299.192530802925,387.487302072892,348.104815830719,410.898558474272,401.947761555351
62577700,9.407,0,0,0.1,0,0,0,0.1,0,0,0.1,115,0,0,30.19,54.75,64.31,30.06,33.6282755289484,54.1531998326671,109.531940808412,70.7081296156744,167.214556502645,100.01022242499,218.343872769978,139.790424540888,271.045515173622,191.079511408266,323.660224147326,246.743389619443,363.14515565273,298.51322454097,388.357030006462,347.311513696594,412.062189159491,400.952592029903
62577900,9.608,0,0,0.1,0,0,0,0.1,0,0,0.1,115,0,0,30.13,54.75,70.56,30,33.7230718532425,54.190716432434,109.635203082943,70.716721618599,167.333368141252,100.006015530773,218.466319628991,139.574850788983,271.350405797247,190.757998325828,324.147496767858,246.285235790458,363.774698516548,297.842483725587,389.017478494844,346.631617675877,412.863529288202,400.240794787288
62578100,9.813,0,0,0.1,0,0,0,0.1,0,0,0.1,115,0,0,30.13,54.75,70.56,30,33.726468518761,54.1925150082222,109.694273834663,70.7421209319824,167.386039106638,99.8935231260609,218.628462168075,139.33296602525,271.702701592303,190.274830480561,324.739233589634,245.692064818305,364.630877488518,297.065590175411,390.091784205127,345.775632856939,414.276517412619,399.297172458305
62578300,10.008,0,0,0,0,0,0,0,0,0,0,115,0,0,30.13,54.75,70.56,30,33.6938709041095,54.2340321450539,109.739599925334,70.7236195995892,167.439878530431,99.7860240226495,218.748152911796,139.026986761898,272.027175731077,189.820064691095,325.172785108283,245.110139358384,365.328210311315,296.407603227014,391.16381732044,344.945979260553,415.911391740901,398.307881181007
62578500,10.208,0,0,0,0,0,0,0,0,0,0,115,0,0,30.06,54.56,74.94,30,33.6991981932606,54.2757896127206,109.742393520525,70.705441365548,167.484214084762,99.6718494577813,218.942012633942,138.873010015243,272.255412603599,189.586452005358,325.515505507275,244.751638083177,365.894031059805,295.779790348625,392.357545409351,344.077819134947,417.700970102078,397.155006245871
62578700,10.408,0,0,0,0,0,0,0,0,0,0,115,0,0,30.06,54.56,74.94,30,33.7539039847565,54.1985429087893,109.766190628902,70.6649990067155,167.562906709439,99.5864339270146,218.944121263502,138.726052609531,272.419766213916,189.300608303828,325.837395060087,244.473480275605,366.540349148786,295.306709696391,393.319184221244,343.374278464016,419.386491333692,396.069364831331
62578900,10.608,0,0,0,0,0,0,0,0,0,0,115,0,0,29.75,54.25,78.56,30,33.7500537168599,54.149030713419,109.755005542454,70.6696535050664,167.557681132553,99.5491941997708,219.072350194611,138.655240714843,272.604951320274,189.141185193129,326.101207023853,244.189471914696,367.082828766091,294.777686740331,394.387731611403,342.638961093926,421.162082856133,394.93880464215
62579100,10.808,0,0,0,0,0,0,0,0,0,0,115,0,0,29.75,54.25,78.56,30,33.693375115073,54.2158324629738,109.752195857554,70.6533437582735,167.559763490476,99.535151259011,219.196805477681,138.552803940805,272.759417125629,188.984940232034,326.410071384204,243.99043071408,367.632921602387,294.334552672208,395.406698627599,341.903743230001,422.702541487015,393.980336912071
62579300,11.008,0.35,0,0.35,0,0.35,0,0.35,0,0.35,0.35,115,0,0,29.75,54.25,78.56,30,33.636662927295,54.1382237589695,109.650825214693,70.5540643572819,167.44445230728,99.4110152588566,218.901259587923,138.672711206169,272.399722689983,189.301886843916,325.811333734218,244.525331043917,366.579352531946,295.338682623216,393.650471513299,343.340354277142,419.914738034783,395.854367994561
62579501,11.208,0.35,0,0.35,0,0.35,0,0.35,0,0.35,0.35,115,0,0,29.69,54.13,80.44,30,33.6953211817139,54.1298468739292,109.645585691162,70.6239702999489,167.221112140306,99.8274204166295,218.298020430047,139.517239407372,271.213802383702,190.675267761444,324.027577002349,246.400033577121,363.918960624396,297.74903620835,389.824621712096,346.353838457194,414.569346569096,399.490907976107
62579700,11.408,0.35,0,0.35,0,0.35,0,0.35,0,0.35,0.35,115,0,0,29.69,54.13,80.44,30,33.5213785303158,54.1030962570441,109.367061140332,70.4629077432467,166.675648546786,100.522375507293,216.75293831922,141.424889328191,268.163774950084,193.930260588126,319.373019539884,250.987528572118,357.020533623925,304.059560872491,380.075847395731,353.970506804186,400.801995801966,408.767854289896
62579900,11.608,0.35,0,0.35,0,0.35,0,0.35,0,0.35,0.35,115,0,0,29.63,53.81,80.63,29.94,33.5011977219296,54.1338355446043,109.299866540709,70.6962085399799,166.098704442436,101.302798758973,215.143140494764,143.563473356196,264.811275458501,197.491701557496,314.276049082382,255.902173293786,349.831446105608,310.369946781287,369.981258617391,361.222493561931,386.921397379903,417.359219329667
62580101,11.808,0.35,0,0.35,0,0.35,0,0.35,0,0.35,0.35,115,0,0,29.63,53.81,80.63,29.94,33.5867475674214,54.1578061366447,109.196817555389,70.9174742561683,165.393036730155,102.224162859314,213.01749239385,145.730109377258,260.716133893173,201.605997808892,307.769562238122,261.65870728124,340.514768101171,317.752256338983,357.567175704209,369.846057721562,370.301017273875,427.036754136225
62580300,12.008,0.25,0,0.25,0,0.25,0,0.25,0,0.25,0.25,115,0,0,29.63,53.81,80.63,29.94,33.6109544555667,54.1813395341037,109.079726119578,71.131770945392,164.821094878291,103.068343826708,211.32049457645,147.612742731017,257.344157112375,204.841584924629,302.672970147466,266.096198646396,333.564884929746,323.079093757867,348.632862696395,375.696832785791,359.022002656711,433.188972368745
62580500,12.208,0.25,0,0.25,0,0.25,0,0.25,0,0.25,0.25,115,0,0,29.56,54,85.63,29.88,33.6682425968892,54.2315032146485,109.09144021588,71.1022961787554,164.783521911651,103.192353433496,210.799719662701,148.049921703106,256.072921920051,205.892641243486,300.574421655959,267.689474283368,330.51800770241,325.163478085644,344.340549418105,378.307736536482,353.143151178891,436.096570784441
62580700,12.408,0.25,0,0.25,0,0.25,0,0.25,0,0.25,0.25,115,0,0,29.56,54,85.63,29.88,33.6561996342477,54.2051792530434,108.936606066914,71.2004202900532,164.203907871234,104.004241776973,209.120852990241,149.856512826134,252.847884424017,208.735941360691,295.747893756982,271.624698498371,323.891665843616,329.90558079793,336.062295439525,383.10436778212,342.660980527518,441.372133084378
62580900,12.608,0.25,0,0.25,0,0.25,0,0.25,0,0.25,0.25,115,0,0,29.56,55.63,88.44,29.88,33.7493457415229,54.2097942821697,108.925359330822,71.1471013518268,164.10602101826,104.026420889004,208.766371305785,150.127063360558,251.834435881958,209.419221704297,294.088813322048,272.717117422325,321.544758857605,331.430311055015,332.696912845164,384.988078194714,338.042871085094,443.298859025431
62581100,12.81,0.25,0,0.25,0,0.25,0,0.25,0,0.25,0.25,115,0,0,29.56,55.63,88.44,29.88,33.7193279436749,54.1735928172293,108.887398110489,71.1613199277452,163.667005762327,104.521880530101,207.333090391222,151.454754261291,248.978652249036,211.773561290923,289.680571592374,275.9913299265,315.680769729307,335.350288420499,325.364439252243,389.215803522896,328.897847164412,447.827473070335
62581300,13.008,0.2,0,0.2,0,0.2,0,0.2,0,0.2,0.2,115,0,0,29.56,55.63,88.44,29.88,33.6797315737948,54.1964453943944,108.763293815535,71.1034127249258,163.614165053462,104.505153244549,207.014041094111,151.562386097656,248.407876012636,212.101692721305,288.788909965263,276.488198757865,314.319765986037,336.162351879493,323.705205199787,390.012446739553,326.700279435362,449.013581205766
62581500,13.208,0.2,0,0.2,0,0.2,0,0.2,0,0.2,0.2,115,0,0,29.69,55.88,97.44,29.81,33.6133666239411,54.0974717008999,108.839245481621,71.1607459801958,163.369461468307,104.749280235163,206.437554805372,152.057816243718,247.171006178714,213.076712518682,286.913149513859,277.914124637712,311.907675972446,337.826623604967,320.490804535382,391.784638921465,322.82580592005,450.847580082722
62581700,13.408,0.2,0,0.2,0,0.2,0,0.2,0,0.2,0.2,115,0,0,29.69,55.88,97.44,29.81,33.6010145467981,54.1025551861949,108.755015700835,71.0399897175018,163.275437937336,104.817689711758,205.95856937225,152.342008604069,246.42717146142,213.621361368921,285.776569510621,278.680240110716,310.283163793302,338.784033213513,318.486466021584,392.783715110664,320.281146532011,451.528264916076
62581900,13.608,0.2,0,0.2,0,0.2,0,0.2,0,0.2,0.2,115,0,0,29.69,59.13,100.31,29.81,33.6038194048856,54.1151421381059,108.736953457736,71.001177716824,163.078396450879,105.046361873544,205.6687217375,152.752853701952,245.582790132278,214.39284104554,284.457229853165,279.660932394615,308.541373325511,339.896563769082,316.114471543264,393.97632737526,317.213780902571,452.763851037164
62582100,13.81,0.2,0,0.2,0,0.2,0,0.2,0,0.2,0.2,115,0,0,29.69,59.13,100.31,29.81,33.5783764054724,54.117966253681,108.689021608612,71.0938134443081,163.004355606122,105.261258850278,205.398932893309,153.186570557937,245.006552013698,214.824539811502,283.493055093779,280.33059210531,307.162770462006,340.724179113813,314.442384186805,394.942355499185,314.965835331533,453.702026383956
62582300,14.008,0.1,0,0.1,0,0.1,0,0.1,0,0.1,0.1,115,0,0,29.69,59.13,100.31,29.81,33.5886392941201,54.1184134488787,108.693428594012,71.1236191495784,162.911451395237,105.351905164131,205.184811981852,153.38659335085,244.714113590219,215.078431774352,283.127748785589,280.642684333271,306.781240118324,340.923566962709,314.121047345126,395.161794303687,314.750656058051,453.87754813644
62582500,14.208,0.1,0,0.1,0,0.1,0,0.1,0,0.1,0.1,115,0,0,29.31,62.63,107.94,29.81,33.6206062586837,54.227563888194,108.710348291161,71.1870337233915,163.025502786362,105.38891695794,205.470983975498,153.282839673978,245.072932203223,214.893087856669,283.528458181826,280.310055260849,307.456085204247,340.608022399385,314.98003710818,394.732020562578,316.101879029845,453.162838078071
62582700,14.408,0.1,0,0.1,0,0.1,0,0.1,0,0.1,0.1,115,0,0,29.31,62.63,107.94,29.81,33.6332622299607,54.2186969680453,108.721107824476,71.2486998051728,163.091763651348,105.426370888284,205.618085070246,153.211636738297,245.4082711865,214.755290481382,284.107060699497,280.110472529006,308.354210582522,340.087094186593,316.110134925909,393.964153910283,317.796000844667,452.707012343388
62582902,14.608,0.1,0,0.1,0,0.1,0,0.1,0,0.1,0.1,115,0,0,29.56,63.81,110.13,29.56,33.6577496362261,54.1293159698194,108.751832231404,71.1632289680034,163.086735725568,105.339936309122,205.613542734682,153.126759544439,245.367322170487,214.655300751975,284.10510313177,280.031425173322,308.273880252725,339.999874464177,316.306805561161,393.958339019845,318.336624006149,452.326276052026
62583102,14.81,0.1,0,0.1,0,0.1,0,0.1,0,0.1,0.1,115,0,0,29.56,63.81,110.13,29.56,33.7051453272117,54.1953688845288,108.755978308542,71.2879848774109,163.174472795437,105.355003561676,205.827052873641,153.091361011509,245.870368988066,214.533920500111,284.795479762037,279.565317388389,309.303695187345,339.464724634029,317.623499389227,393.517105814405,320.002927609279,451.982046965475
62583302,15.009,0,0,0,0,0,0,0,0,0,0,115,0,0,29.56,63.81,110.13,29.56,33.7256472361804,54.1733380647709,108.786763868912,71.2966885733726,163.230708198135,105.299205553807,206.061569968373,152.908766041365,246.419039888568,214.094750862619,285.751777585546,278.955382346544,310.668137362026,338.582042420588,319.843200462728,392.497450958633,323.315486587534,450.94106737846
62583502,15.209,0,0,0,0,0,0,0,0,0,0,115,0,0,29.5,67.13,114.75,29.75,33.6802722978542,54.1302985925488,108.857582387204,71.302221588541,163.497116827155,104.949683840033,206.848623551053,152.132907010816,247.893755091357,212.859216466483,287.90847409486,277.484023281254,313.854813763049,336.8054820528,323.926708422703,390.51854763221,328.770495502764,448.796536437211
62583703,15.409,0,0,0,0,0,0,0,0,0,0,115,0,0,29.5,67.13,114.75,29.75,33.6644235717294,54.1678732368425,108.859335314527,71.289447849874,163.623587213998,104.882634378531,207.283280627382,151.77502430379,248.811073358219,212.161906090703,289.337628444227,276.423073689014,316.323702978633,335.39488431135,327.378241695485,388.836232032023,333.504160211802,447.077735912327
62583908,15.611,0,0,0,0,0,0,0,0,0,0,115,0,0,29.5,67.88,115.31,29.75,33.6066448118041,54.1377779064234,108.867457142775,71.1875190478518,163.763806270828,104.512954920995,207.839922355382,151.176893818901,249.958196975265,211.286417193933,291.248597403219,275.145096785833,318.701902772512,333.895392349005,330.79657631688,387.17791148006,338.077220246673,445.192247922508
62584107,15.817,0,0,0,0,0,0,0,0,0,0,115,0,0,29.5,67.88,115.31,29.75,33.600068812199,54.0832052770051,108.900364374689,71.2387222753288,163.879009928218,104.347138313148,208.39820053853,150.684885746334,251.164922481092,210.266404141855,293.06424401379,273.803466797086,321.568929405298,332.091990170497,334.735872770507,385.080132353642,343.602174369514,442.933898970192
62584307,16.014,0,0.35,0,0.35,0,0.35,0,0.35,-0.35,-0.35,115,0,0,29.5,67.88,115.31,29.75,33.5853954307369,54.0861757540554,108.899583441421,71.2078787060667,164.080885768464,104.153544685226,209.090565054724,150.056603482511,252.548374119565,209.180783602749,295.159940486814,272.282341216865,324.772527812926,330.039271867107,339.223908390429,382.795443305386,350.089170161804,440.228737233893
62584507,16.214,0,0.35,0,0.35,0,0.35,0,0.35,-0.35,-0.35,115,0,0,29.38,70.38,115.44,29.69,33.5849621873292,54.0924845018112,108.931400066315,71.1972374899699,164.369864070472,103.81952476176,209.953328983688,149.270669038233,254.301366586963,207.649274138869,297.953660613319,270.077116209963,328.769663205172,327.262995016488,344.981281754259,379.427337162698,358.036250298318,436.316510093955
62584708,16.414,0,0.35,0,0.35,0,0.35,0,0.35,-0.35,-0.35,115,0,0,29.38,70.38,115.44,29.69,33.5837356427249,54.1170970797309,108.987956367713,71.1835448062645,164.488284200219,103.715267724643,210.448377297253,148.856591320852,255.418548193127,206.795009341885,299.755448751878,268.785859728927,331.384748852605,325.307408305118,348.81172730027,377.175558999119,363.833250092015,433.663070649196
62584907,16.615,0,0.35,0,0.35,0,0.35,0,0.35,-0.35,-0.35,115,0,0,29.94,71.31,113.75,34.5,33.6258457370609,54.2083988562615,109.035831769856,71.2880667209845,164.771010577216,103.494627176675,211.219251428717,148.105651456807,257.012649724927,205.438691852745,302.204817621215,266.90277243705,334.9917778442,322.745122471027,354.021727454914,374.01929485413,371.116653708477,429.794593327532
62585107,16.815,0,0.35,0,0.35,0,0.35,0,0.35,-0.35,-0.35,115,0,0,29.94,71.31,113.75,34.5,33.6584268701688,54.2072634881896,109.143292733678,71.1493007436823,164.952447527501,103.351417672379,211.68997672594,147.689747001719,258.078035438348,204.549220984577,303.80543398018,265.545546466596,337.606454123817,320.893966132496,358.04866543388,371.542502371783,377.426725841587,426.703734464255
62585307,17.014,0,0.25,0,0.25,0,0.25,0,0.25,-0.25,-0.25,115,0,0,29.94,71.31,113.75,34.5,33.69095037634,54.1486910996904,109.167982944073,71.1841717221724,165.208296123306,103.017345449095,212.544133009813,146.858084848012,259.814025466429,202.921812164407,306.599615234005,263.152932466213,341.801815975336,317.634474723382,364.058171899512,367.60641618085,385.878216042683,421.684505924852
62585508,17.214,0,0.25,0,0.25,0,0.25,0,0.25,-0.25,-0.25,115,0,0,40,71.88,111.38,37.94,33.6227742159808,54.144946475824,109.150338836592,71.0890642368075,165.281756817658,102.781218339584,212.808939700436,146.379020153099,260.621431247873,202.158724908159,307.788599616986,262.118599284584,343.840559207366,316.161030030227,367.269097201152,365.470917467232,390.838479295964,418.898575987601
62585707,17.416,0,0.25,0,0.25,0,0.25,0,0.25,-0.25,-0.25,115,0,0,40,71.88,111.38,37.94,33.718639062036,54.1698786109163,109.264617017509,71.1048427046831,165.624669617458,102.429561602077,213.872751255092,145.195328171106,262.850054982972,199.900666223375,311.341154441231,258.939624676474,349.196708544762,311.758321110853,375.08129219773,359.812680199929,402.061273590478,411.595185578453
62585907,17.614,0,0.25,0,0.25,0,0.25,0,0.25,-0.25,-0.25,115,0,0,43.75,72.19,108.56,48.06,33.7109888129741,54.1411847700331,109.200726484642,71.0568037427299,165.87001069868,102.102409689161,214.652089992064,144.286702198437,264.612251635295,198.19669346453,314.151113638567,256.449245705459,353.412641633954,308.132930640523,381.395526657422,355.160534112536,411.220052821148,405.36181946753
62586107,17.815,0,0.25,0,0.25,0,0.25,0,0.25,-0.25,-0.25,115,0,0,43.75,72.19,108.56,48.06,33.6775314565057,54.1373089593825,109.282916804244,70.898032184527,166.286217777541,101.33359246667,215.910701313553,142.812928068026,266.942318706432,195.527491661007,317.939106203248,252.650384841905,359.18049081999,302.913317224487,389.599907457988,348.567279315023,422.948809870832,396.701877575717
62586307,18.015,0,0.2,0,0.2,0,0.2,0,0.2,-0.2,-0.2,115,0,0,43.75,72.19,108.56,48.06,33.633610387686,54.1154134299335,109.474403948985,70.5685684190031,166.511260882564,100.754965023169,216.946910638245,141.378696486629,269.119691692396,193.050980399187,321.232303902701,249.376582133885,363.95179013418,298.504459562523,396.287604409557,342.827855949363,432.152148857215,389.260438465411
62586507,18.214,0,0.2,0,0.2,0,0.2,0,0.2,-0.2,-0.2,115,0,0,53.63,72.13,105.38,51.5,33.6030058976085,54.1032091468432,109.390516120226,70.4672496262076,166.781125080692,100.433860906574,217.658047337416,140.484030622284,270.649523936794,191.39531494007,323.576370764807,246.917838153379,367.550580862089,295.125542322108,401.565059689133,338.34156366968,439.481058819011,383.109495284628
62586707,18.414,0,0.2,0,0.2,0,0.2,0,0.2,-0.2,-0.2,115,0,0,53.63,72.13,105.38,51.5,33.602901317346,54.0640341494608,109.398249826526,70.4129240866593,167.030322227692,99.8644006328699,218.641794481985,138.984477288138,272.815282060606,188.818672060089,326.955671710194,243.415516952407,372.220148229944,290.276391271476,408.103967946396,332.056820812062,448.252003378434,374.996481575299
62586907,18.615,0,0.2,0,0.2,0,0.2,0,0.2,-0.2,-0.2,115,0,0,56.56,71.88,102.63,62.44,33.6750349872798,54.1884360144464,109.51701798046,70.6449564809732,167.259194382772,99.8316636126309,219.330636100841,138.509927528257,274.015413162997,187.670431923921,328.592639264742,241.491457999055,374.897895009359,287.575311513785,411.897047071635,328.413876425945,453.735175152516,369.712672650053
62587107,18.814,0,0.2,0,0.2,0,0.2,0,0.2,-0.2,-0.2,115,0,0,56.56,71.88,102.63,62.44,33.6425957449743,54.1680652234283,109.624332100925,70.4872723542785,167.571607830602,99.0764339726648,220.405819451487,136.940133075685,276.105304014076,184.889237717715,332.138982147914,237.636774386319,379.818490670088,282.299070911312,418.779815304598,321.249132200209,463.088485356509,360.271705200268
62587307,19.015,0,0.1,0,0.1,0,0.1,0,0.1,-0.1,-0.1,115,0,0,56.56,71.88,102.63,62.44,33.6264067158812,54.1542086909981,109.662085680517,70.4206133049349,167.865356641245,98.6854278328638,221.084022224108,135.925466796839,277.360209423851,183.206072368383,334.030918345873,235.488191228999,382.468729285374,279.455048936923,422.335237306721,317.538671189488,467.70687957242,355.339510128977
62587507,19.214,0,0.1,0,0.1,0,0.1,0,0.1,-0.1,-0.1,115,0,0,65.44,71.19,99.38,65.88,33.6815193608086,54.1595150408505,109.698592318843,70.4909937679839,167.852353462929,98.8671286689787,221.043530037478,136.08997328907,277.362828104672,183.377082314703,334.114110709122,235.62160085048,382.477386429489,279.482784368532,422.575669222966,317.374589252651,468.184386606488,354.975352394107
62587707,19.414,0,0.1,0,0.1,0,0.1,0,0.1,-0.1,-0.1,115,0,0,65.44,71.19,99.38,65.88,33.7005394926538,54.1852456185384,109.75901344749,70.4766357613096,167.933845989708,98.6215177456577,221.403115550593,135.629696505673,277.950528921298,182.585306036112,334.8780570454,234.506957612207,383.744899943799,277.920747889098,424.256322438659,315.527799541565,470.334255111503,352.601747054623
62587907,19.615,0,0.1,0,0.1,0,0.1,0,0.1,-0.1,-0.1,115,0,0,68,70.94,96.75,74.81,33.6989883180205,54.1479308627781,109.815081703189,70.4220875065187,167.976113618673,98.486319828336,221.551814050775,135.360062194529,278.264582553195,182.090150927087,335.358887812133,233.990896514331,384.600068034507,277.030759456641,425.26340120473,314.375748055086,471.652342216164,351.047021422323
62588107,19.815,0,0.1,0,0.1,0,0.1,0,0.1,-0.1,-0.1,115,0,0,68,70.94,96.75,74.81,33.7104730519925,54.1554396855091,109.805998050819,70.413679617627,168.11532414788,98.453050001884,221.764809607773,135.064895831929,278.664218078639,181.561393482447,335.951086071381,232.977138730281,385.436300345962,275.989248949098,426.483269920375,313.027117908936,473.341373128908,349.233509669372
62588307,20.014,0,0,0,0,0,0,0,0,0,0,115,0,0,68,70.94,96.75,74.81,33.7100987903571,54.1076377311454,109.833797770822,70.3750965928903,168.158046473887,98.2987414275418,221.839436535462,134.797463908401,278.848985832108,181.257886353604,336.085910316507,232.605769890383,385.780828446181,275.589941432308,426.784991022865,312.663298162563,473.517825995948,349.10401599406
62588507,20.214,0,0,0,0,0,0,0,0,0,0,115,0,0,74.44,69.88,92.44,76.94,33.6224118193415,54.1116098395011,109.737541698339,70.3857585523908,168.128932327756,98.3341339165199,221.794104879707,134.803859253717,278.64239182135,181.448521767815,335.936013176096,232.991785302379,385.340025237138,276.097105024868,426.141030495587,313.511263710565,472.433259725224,350.342158458903
62588707,20.415,0,0,0,0,0,0,0,0,0,0,115,0,0,74.44,69.88,92.44,76.94,33.599901339009,54.0806336848258,109.716166494417,70.3518367940838,168.066962472262,98.314062512936,221.710548044034,134.918172423123,278.411691214966,181.766078879622,335.812001246887,233.613842165265,384.81127558058,276.782864147164,425.285855624159,314.539424447712,471.171382051997,351.865604089845
62588907,20.615,0,0,0,0,0,0,0,0,0,0,115,0,0,75.88,69.5,91.13,80.94,33.5159706104227,54.0590147010967,109.689160044014,70.2462612961794,168.076455460666,98.2551979953388,221.687209555813,134.902723941873,278.380468861098,181.768495675186,335.473158244756,233.592396782812,384.701351706247,277.02904543182,424.841894530126,314.995989488434,470.552330196813,352.645775834995
62589107,20.814,0,0,0,0,0,0,0,0,0,0,115,0,0,75.88,69.5,91.13,80.94,33.584062612354,54.0745692591497,109.653038545695,70.2432582897905,168.038728250089,98.2865478604923,221.516747219479,135.012937265635,278.09452042875,182.038220056264,335.184620519979,234.156080699431,384.106136226794,277.66832200881,424.108631857567,316.01094453112,469.261530076734,354.120549202993
62589307,21.015,0.35,0,0,0.35,0.35,0,0,0.35,0.35,-0.35,115,0,0,75.88,69.5,91.13,80.94,33.5998423455171,54.1363582110625,109.660827753081,70.3624492516023,167.799295078338,98.4748439041888,220.950957481039,135.711722512973,277.093465151229,183.404951927026,333.501837691347,236.105990482205,382.177480719985,279.953110724046,422.270908681314,318.141832342723,467.792137752592,355.823457732609
62589507,21.215,0.35,0,0,0.35,0.35,0,0,0.35,0.35,-0.35,115,0,0,77.31,68.25,87.38,80.81,33.6205611153834,54.1537326304591,109.521949768743,70.4853546510277,167.188229946078,99.6792568024418,219.10166422153,138.487829963078,273.390766823356,188.06576250157,327.907427545876,242.658232006867,375.444763595962,287.726914036186,416.334679070121,324.873047934319,461.172534046645,363.420769886358
62589707,21.415,0.35,0,0,0.35,0.35,0,0,0.35,0.35,-0.35,115,0,0,77.31,68.25,87.38,80.81,33.6900006230387,54.1585411555528,109.378924629633,70.472560025814,166.831699042952,100.412065756371,217.614093860331,140.399749456726,270.351580828045,191.599406650324,323.038280731742,247.900432349405,370.058079089323,293.498449082036,410.318100745559,331.494586310606,457.203123842092,367.696568336399
62589907,21.615,0.35,0,0,0.35,0.35,0,0,0.35,0.35,-0.35,115,0,0,77.25,67.5,86.25,81.38,33.7230717090454,54.1801606815293,109.326408968901,70.8638987312742,165.946525859919,101.687264892376,214.829988583888,143.788460456246,264.696430333842,197.545641228141,314.426248925658,256.662408402072,359.803134598238,304.02710483524,399.553629035189,342.357688361709,446.570401614203,378.452778758176
62590107,21.814,0.35,0,0,0.35,0.35,0,0,0.35,0.35,-0.35,115,0,0,77.25,67.5,86.25,81.38,33.7268537532847,54.1785189791826,109.153463756701,71.0040120787552,165.231823143431,102.481030776928,212.559802156192,146.115778832818,260.100489498482,202.107312755936,307.268661608178,263.261873203024,351.393502757726,311.685509068271,391.142124380164,350.215593784998,438.713182500258,385.815078515336
62590308,22.014,0.25,0,0,0.25,0.25,0,0,0.25,0.25,-0.25,115,0,0,77.25,67.5,86.25,81.38,33.7491806438019,54.1640248004573,108.944958705941,71.0814934246068,164.558577829487,103.43011538206,210.465054585149,148.470284998677,255.684475293268,206.232298038499,300.304674439173,269.170780239388,343.010494314985,318.832289164715,382.139741925027,358.062053261937,429.540198618934,393.98189076703
62590507,22.215,0.25,0,0,0.25,0.25,0,0,0.25,0.25,-0.25,115,0,0,76.19,67.13,83.19,88.31,33.6816986389829,54.1142959825755,108.979227925144,70.9931302979675,164.361233460183,103.515333972425,209.713999984825,149.019158979482,253.957333375313,207.392660301198,297.743256540332,271.202007012683,340.217792479134,321.112734643261,379.577473388045,360.273916943114,427.249855771174,395.737731234657
62590707,22.42,0.25,0,0,0.25,0.25,0,0,0.25,0.25,-0.25,115,0,0,76.19,67.13,83.19,88.31,33.6563613507025,54.091751745098,108.86261344855,71.109398783555,163.741251025571,104.234529283586,207.950042460837,150.673752265036,250.384440625933,210.534038354968,292.200836409074,275.606044200517,334.445038569314,325.843087146895,371.935203107274,366.418561019727,419.287208450543,402.463756472041
62590907,22.614,0.25,0,0,0.25,0.25,0,0,0.25,0.25,-0.25,115,0,0,75.69,68.06,82.13,91.5,33.6072861244668,54.1173024996111,108.82778023037,71.0730864108014,163.587232386901,104.315812768114,207.298933868399,151.236125190144,248.934014928425,211.58522401463,289.959661901202,277.127920964167,330.926818356409,328.373582571556,369.684121087904,368.164599608998,417.707479059028,403.631369406878
62591108,22.815,0.25,0,0,0.25,0.25,0,0,0.25,0.25,-0.25,115,0,0,75.69,68.06,82.13,91.5,33.5960787681185,54.1073915721649,108.715591329999,71.0410702901246,163.090668797836,104.947516866132,205.92282572892,152.499130313053,246.025325223892,213.8977058748,285.312828266498,280.606407459275,326.384177165789,331.945838470884,363.570282619165,372.859320171418,410.940055463737,409.032446358373
62591308,23.015,0.2,0,0,0.2,0.2,0,0,0.2,0.2,-0.2,115,0,0,75.69,68.06,82.13,91.5,33.5964981299572,54.0829736315636,108.672170578978,71.0461392356627,162.963697012405,105.10695804525,205.486357727421,153.000219631786,244.997685496302,214.671206432296,283.826372712477,281.679165774036,323.656511379601,333.781628420692,361.93065895397,374.083777079235,409.401161411306,410.000803089584
62591508,23.216,0.2,0,0,0.2,0.2,0,0,0.2,0.2,-0.2,115,0,0,74.06,68.63,79.19,100.81,33.5922142880019,54.1112312920692,108.644923926257,71.1095734591608,162.83198213848,105.365318375191,204.844977799318,153.632510834804,243.645700490728,215.765572180405,281.789022995599,283.037581333199,321.068234534157,335.59164723402,359.066724454989,376.188158081767,406.332969483956,412.385419923463
62591708,23.416,0.2,0,0,0.2,0.2,0,0,0.2,0.2,-0.2,115,0,0,74.06,68.63,79.19,100.81,33.5951027325827,54.1422493625349,108.619540898264,71.1588816109026,162.631400363304,105.649789161506,204.395939439965,154.079613666511,242.688360453904,216.571596364161,280.228664551501,284.132348849349,319.384324039004,336.844677069991,357.33309974449,377.466924948379,404.620596619328,413.673371171282
62591908,23.616,0.2,0,0,0.2,0.2,0,0,0.2,0.2,-0.2,115,0,0,74.06,68.63,79.19,100.81,33.5854425793938,54.1352285774553,108.591832115361,71.1734445349208,162.486186968923,105.785059633299,203.899030504478,154.529901183858,241.63271599941,217.320963607765,278.562627149955,285.366686688083,317.276747642406,338.27934045008,355.021416484082,379.08711473132,402.859728290469,414.837926708346
62592108,23.815,0.2,0,0,0.2,0.2,0,0,0.2,0.2,-0.2,115,0,0,73.44,71.06,78.25,103.69,33.5946657074004,54.1584656220277,108.549442899863,71.2121125823906,162.394954200699,106.088724720487,203.389568299134,155.008325496621,240.551006625941,218.077244614398,276.899795010035,286.378794564379,315.353820529511,339.606887853252,353.048955952922,380.422792861875,400.267564286157,416.811723846835
62592308,24.016,0.1,0,0,0.1,0.1,0,0,0.1,0.1,-0.1,115,0,0,73.44,71.06,78.25,103.69,33.6486817581027,54.1987311473344,108.608513195547,71.2897860464116,162.331275191882,106.224381130104,203.173492698701,155.275031974152,240.111954717689,218.519179142341,276.053629679268,286.91141275032,314.294625801593,340.273608416486,351.750652585449,381.248129133499,398.715035244185,417.932162569423
62592509,24.215,0.1,0,0,0.1,0.1,0,0,0.1,0.1,-0.1,115,0,0,71.63,71.94,75.38,110.81,33.6766097834265,54.1198541851773,108.639962798574,71.3200571410207,162.389075963332,106.215320598962,203.348015282207,155.111313764372,240.365605443688,218.281812391804,276.517101493911,286.65097184177,314.703313486431,339.967407806453,352.16495595031,381.012709458208,398.92593965762,417.782681006856
62592709,24.416,0.1,0,0,0.1,0.1,0,0,0.1,0.1,-0.1,115,0,0,71.63,71.94,75.38,110.81,33.7055008326357,54.1082825199009,108.6653583373,71.3152119896002,162.394175152268,106.198913512438,203.377525822698,155.013001589632,240.432618436876,218.167701087958,276.604715963084,286.488710207123,314.525857606369,340.1624441733,351.854180377087,381.213272745763,398.72413057318,418.043194900814
62592909,24.617,0.1,0,0,0.1,0.1,0,0,0.1,0.1,-0.1,115,0,0,71.63,71.94,75.38,110.81,33.6867851009241,54.1343409065405,108.654282108371,71.3022802806154,162.389121280963,106.163700045118,203.370961734482,155.019277946804,240.399484768045,218.173080085117,276.563858842251,286.512691424067,314.611157958856,339.952031429384,351.772405560742,381.394332294036,398.322111722262,418.579776139241
62593110,24.817,0.1,0,0,0.1,0.1,0,0,0.1,0.1,-0.1,115,0,0,71.06,74.88,74.56,112.63,33.6774717686621,54.134097801862,108.676966517088,71.3372370094292,162.389920006426,106.194120993364,203.493309491399,154.959700730173,240.549582494443,218.029837475494,276.843440301431,286.278374347981,314.736834125984,340.059748585843,351.814224699711,381.171327641177,398.388619957952,418.62542904606
62593310,25.017,0,0,0,0,0,0,0,0,0,0,115,0,0,71.06,74.88,74.56,112.63,33.6753183538849,54.0754813225498,108.640926591006,71.3608698004197,162.477505425503,106.183649848135,203.621478291075,154.973522910489,240.859304088833,217.883441330119,277.391920607084,286.021869982931,315.448811787888,339.46059111218,352.149149017901,381.05229294279,397.918138739571,418.975913806498
62593510,25.218,0,0,0,0,0,0,0,0,0,0,115,0,0,69.31,77.56,72.5,115.44,33.6123438097242,54.1378168902548,108.68893348437,71.3948972166682,162.631795914089,106.055038474573,204.227658687872,154.527924311294,242.11825292437,217.173136618913,279.360494607028,284.858069251664,317.454311999913,338.034173320202,353.970371737531,379.902707943636,399.238403250132,418.098898113759
62593710,25.418,0,0,0,0,0,0,0,0,0,0,115,0,0,69.31,77.56,72.5,115.44,33.5811827338735,54.1212518313633,108.696882695633,71.4062106768453,162.777060769826,105.932583351816,204.671768678169,154.188018862348,243.123870199372,216.498562873421,280.863354684345,283.906523488721,319.170165795392,337.108502858894,354.740982999029,379.525406190226,399.696397997786,417.906544885692
62593910,25.618,0,0,0,0,0,0,0,0,0,0,115,0,0,69.31,77.56,72.5,115.44,33.5838317829838,54.1325742676016,108.720077117567,71.3614336324054,162.898729101533,105.733363585592,205.268272776858,153.774363457427,244.370997318908,215.693075888553,282.777999116244,282.603038987838,321.302606595454,335.566319692542,357.345493687569,377.756464145131,401.829570877746,416.845009380389
62594110,25.818,0,0,0,0,0,0,0,0,0,0,115,0,0,68.75,78.25,71.06,114.38,33.6089784075308,54.1536532982875,108.752718066261,71.3909632581653,163.07915220572,105.584677832383,205.793107713548,153.268693543306,245.382810137657,214.879903421672,284.413630737909,281.532096411016,323.11476674251,334.331054158945,358.607498230954,376.819256269881,402.907200427121,416.127797206142
62594310,26.018,0,0.35,0.35,0,0,0.35,0.35,0,-0.35,0.35,115,0,0,68.75,78.25,71.06,114.38,33.5878585106804,54.1478368752674,108.84777871348,71.3610848551139,163.345262783555,105.331586231503,206.59046376101,152.658133239686,247.239483688747,213.588804198264,287.199740139089,279.619281545289,326.14469863103,332.159974789736,361.605409621873,374.507237172778,404.441997345585,415.048263775232
62594510,26.217,0,0.35,0.35,0,0,0.35,0.35,0,-0.35,0.35,115,0,0,66.94,79.94,69.69,113.44,33.6287204367717,54.1758823264939,108.902765678751,71.2766453067743,163.870428765944,104.783686076986,208.192697585387,151.101513994206,250.458215418725,211.026730900081,292.139163064445,275.947052785153,331.711110592496,327.810560494845,367.038336127088,370.196108769012,410.067658594848,410.795610563463
62594710,26.418,0,0.35,0.35,0,0,0.35,0.35,0,-0.35,0.35,115,0,0,66.94,79.94,69.69,113.44,33.6250900581767,54.175203997367,108.964201202633,71.2296684200824,164.135243809011,104.273852062937,209.320340910886,150.052136065842,253.015236409888,208.864229250088,296.210518697898,272.661539596969,335.938567282542,324.371838692431,370.828522594034,367.171522335858,412.740725366945,408.551662577365
62594910,26.618,0,0.35,0.35,0,0,0.35,0.35,0,-0.35,0.35,115,0,0,66.94,79.94,69.69,113.44,33.6653354825257,54.2020878147302,109.022675502463,71.2750069741108,164.785942042999,103.374154767404,211.299150904294,147.960466484184,257.131163589016,205.079914607848,302.584945268348,267.155715229801,340.903788019962,320.279150045344,377.822286485003,360.979476957538,418.937528533627,403.075837785977
62595110,26.817,0,0.35,0.35,0,0,0.35,0.35,0,-0.35,0.35,115,0,0,66.81,80.25,68.94,108.56,33.700605933762,54.0977896293913,109.138080699572,71.0994377678301,165.281767898717,102.64782712269,212.921828575291,145.988908180681,260.815393582368,201.605493306754,308.211828320403,262.087145169341,349.228440533944,312.632612495823,383.419663274553,355.718338683816,423.131124857997,398.893696960043
62595310,27.017,0,0.25,0.25,0,0,0.25,0.25,0,-0.25,0.25,115,0,0,66.81,80.25,68.94,108.56,33.6940654911071,54.1589398831519,109.225557173422,70.9281945728863,166.02299129207,101.699399766493,215.172388307077,143.657729549507,265.177454192146,197.166375614421,314.780093413571,255.597397317389,356.837468797595,305.284490655171,391.053563145452,348.325729817905,430.077763165088,392.285868398123
62595511,27.218,0,0.25,0.25,0,0,0.25,0.25,0,-0.25,0.25,115,0,0,73.94,80.75,71.81,106.63,33.7003553352815,54.1151536760391,109.190430438325,70.7785151102657,166.240887687171,101.225287755975,216.070099093198,142.628379873579,267.131775339405,195.118697958744,317.901422914865,252.589724324127,360.025389839377,302.096261377409,393.22058380119,345.817849399101,430.632073153526,390.959422030169
62595711,27.418,0,0.25,0.25,0,0,0.25,0.25,0,-0.25,0.25,115,0,0,73.94,80.75,71.81,106.63,33.5934289990779,54.1196418453935,109.263196111709,70.444572333587,166.689699910129,100.410551534463,217.425757001937,140.616691698836,270.183123551253,191.763939933413,322.602624614185,247.669264425173,365.616464960069,296.495090182889,398.952857432368,340.065241576456,434.749046912633,386.702250003358
62595910,27.618,0,0.25,0.25,0,0,0.25,0.25,0,-0.25,0.25,115,0,0,73.94,80.75,71.81,106.63,33.6253177601775,54.1352584300025,109.382323307321,70.3791156449281,166.967545536016,99.8940824137409,218.582755462117,139.009734920927,272.838959974058,188.691041633697,326.561463975731,243.104517514155,370.010079710678,291.653680801195,402.671540845954,335.712476228463,438.161681765179,382.403295703494
62596110,27.817,0,0.25,0.25,0,0,0.25,0.25,0,-0.25,0.25,115,0,0,77.56,80.75,77.31,100.75,33.5848160169108,54.0797780013957,109.497461405201,70.195535637071,167.431038471271,99.003163198636,220.266451605754,136.718934871021,276.188478999061,184.663926589115,331.8106102891,237.069103506382,376.209022059543,284.781465206274,407.829796324356,329.998895465718,444.273089374353,375.543222982187
62596310,28.018,0,0.2,0.2,0,0,0.2,0.2,0,-0.2,0.2,115,0,0,77.56,80.75,77.31,100.75,33.5125120843771,54.111739400409,109.541130460636,70.1733949288138,167.798304535958,98.5273648908338,221.253067745999,135.447141330018,277.971011418194,182.23225628963,334.680218532727,233.621386101572,379.557379322929,280.914722648577,412.007218100624,325.128667841065,446.45912583562,372.631179279756
62596510,28.218,0,0.2,0.2,0,0,0.2,0.2,0,-0.2,0.2,115,0,0,87.88,80.31,87.19,96.81,33.6021721330705,54.1357980190262,109.634990299879,70.3280821833454,168.000727289694,98.2616851642569,221.958346062725,134.501152245286,279.423816124974,180.376111600895,337.193574729127,230.771748158977,382.166717018588,277.680661080663,414.781567360952,321.868273270381,448.577008020116,369.57800438723
62596710,28.419,0,0.2,0.2,0,0,0.2,0.2,0,-0.2,0.2,115,0,0,87.88,80.31,87.19,96.81,33.599570404572,54.1557886736794,109.745594746253,70.088939850446,168.423093061005,97.8326410485535,222.946307267152,133.077252089804,281.330961819131,177.660753749079,339.079278832228,227.713015894598,385.737214634723,273.287901700944,418.277056566529,317.46116032336,451.950072926504,365.496021518896
62596910,28.617,0,0.2,0.2,0,0,0.2,0.2,0,-0.2,0.2,115,0,0,87.88,80.31,87.19,96.81,33.6551271745731,54.2067022148332,109.729108438554,70.1519380211232,168.563231905432,97.6112730974455,223.483117168732,132.27083123249,282.418425789791,176.301025319637,341.490757674553,224.81350280355,387.499489727879,270.943744658787,419.878939901584,315.289398648487,452.954170870512,363.634568469562
62597111,28.817,0,0.2,0.2,0,0,0.2,0.2,0,-0.2,0.2,115,0,0,91.44,79.69,90.13,93.13,33.7066408246252,54.1838161800185,109.874159072182,70.1917763218735,168.816873170563,97.0969145179103,224.340164872842,131.186617010231,284.024450224906,174.041214943873,344.01924640463,221.529419204976,390.255140931358,267.293291157284,422.532934940582,311.914355414602,455.783595550402,359.933171305202
62597311,29.018,0,0.1,0.1,0,0,0.1,0.1,0,-0.1,0.1,115,0,0,91.44,79.69,90.13,93.13,33.7257491658006,54.1685459319436,109.900381908986,70.1085802271714,169.036490939446,96.7541088936829,224.779148462214,130.241264927513,284.996856524049,172.507122832138,345.328371372235,219.299235720029,392.175743966772,264.727286269252,424.616012990981,309.189097965108,457.715064301105,357.43659884351
62597510,29.218,0,0.1,0.1,0,0,0.1,0.1,0,-0.1,0.1,115,0,0,100.13,79.06,98.56,89.31,33.7302538016366,54.1431142024762,109.903077356159,70.0679689729068,169.028081781501,96.7100872005531,224.840252957343,130.178467759636,285.022233843133,172.396465795242,345.437429026346,219.193525327136,392.191709971735,264.721412160294,424.724505194195,309.021476738976,457.352802012821,357.774683731645
62597710,29.419,0,0.1,0.1,0,0,0.1,0.1,0,-0.1,0.1,115,0,0,100.13,79.06,98.56,89.31,33.6988831051331,54.1069701824315,109.935108824043,69.9590111395004,169.075848181414,96.6176689229496,225.01386998149,129.793157490773,285.382589978528,171.728122908956,346.11957190961,218.165570656453,393.010524503633,263.520998804089,425.663799142484,307.799953184986,458.232389113641,356.603702475363
62597910,29.618,0,0.1,0.1,0,0,0.1,0.1,0,-0.1,0.1,115,0,0,100.13,79.06,98.56,89.31,33.6769224548112,54.1702828291396,109.929033891125,69.9557778085525,169.071382308749,96.5588728883858,225.148928426095,129.608450692497,285.649208719976,171.338910794513,346.54589738819,217.652549521975,393.541848614077,262.834707822671,426.079965452305,307.242228302412,458.710374148984,356.05469741731
62598111,29.818,0,0.1,0.1,0,0,0.1,0.1,0,-0.1,0.1,115,0,0,102.5,77.56,101,86.25,33.6187544617888,54.1033973840683,109.817719819806,69.8964479580145,169.11316545114,96.3209129099649,225.327829285968,129.235766789963,286.0477735894,170.819291286789,347.09602116644,216.892399339607,393.992082391172,262.479911612478,426.833529815201,306.466370663655,459.395014644973,355.298559842695
62598310,30.018,0,0,0,0,0,0,0,0,0,0,115,0,0,102.5,77.56,101,86.25,33.5270025896903,54.0779875398292,109.803643053945,69.8419967957862,169.088159057581,96.2746097039634,225.335053916578,129.140921038267,286.056149440304,170.780867003231,347.133598085745,216.919219776221,394.392668651827,262.032011255144,427.041555631399,306.330380892992,459.652848466469,355.136423373268
62598511,30.218,0,0,0,0,0,0,0,0,0,0,115,0,0,107.19,77.06,105.94,81.75,33.5864086683919,54.0859429536506,109.766210778317,69.8142943589412,169.058379157417,96.2974522589026,225.169504443098,129.307373416485,285.841759979822,171.169316868039,346.741338108014,217.51426578367,393.985904727023,262.664168973408,426.818934314838,306.810315574081,459.734946308128,355.512695238944
62598710,30.421,0,0,0,0,0,0,0,0,0,0,115,0,0,107.19,77.06,105.94,81.75,33.5038815022972,54.1010508140276,109.767281785747,69.8385073927068,169.052191785652,96.4097753522993,225.048597521743,129.555435671618,285.487725248066,171.49025014821,346.331683922971,218.125421886458,393.641097974235,263.163000048514,426.471869135966,307.299864417196,459.647615987218,356.117952647232
62598910,30.617,0,0,0,0,0,0,0,0,0,0,115,0,0,107.19,77.06,105.94,81.75,33.5690726803458,54.1228769754167,109.871294626826,69.8295338971009,169.050111594267,96.4624497575235,224.972048676053,129.729112953414,285.24927706427,171.959382811584,345.884660519548,218.774461668965,393.177087953153,264.041847859636,426.444660753787,307.718132406842,459.647097954187,356.245738385828
62599113,30.817,0,0,0,0,0,0,0,0,0,0,115,0,0,107.81,75.88,107.19,79.06,33.5888273904411,54.076393323453,109.91161723043,69.9110080683508,169.081855186789,96.5174391334343,224.71035791222,130.001109744291,284.961706367451,172.506360381185,345.358981811652,219.43357827177,392.466610658232,265.045786362074,425.733877826321,308.88475197776,459.25284130843,357.074835810468
62599313,31.021,0,0,0,0,0,0,0,0,0,0,115,0,0,107.81,75.88,107.19,79.06,33.5827528718286,54.0853104492325,109.7596675178,69.8550981205048,168.878267387218,96.5735956636032,224.646905698465,130.18554681324,284.535041718373,173.008460299869,344.91164288671,220.502324220434,391.961921451022,265.670374322458,425.117457982445,309.774477950856,459.092050045764,357.76331841683
62599514,31.221,0,0,0,0,0,0,0,0,0,0,115,0,0,107.5,74.81,107.31,76.5,33.5796213037563,54.1296678742921,109.763278866655,69.908639060328,168.793560481341,96.5902383899176,224.450890112763,130.677297544579,284.049048779082,173.764255740373,344.143533669573,221.506081293757,391.133550135796,266.921157704193,424.383348615978,310.812110392905,458.454957501611,358.777276685558
62599714,31.421,0,0,0,0,0,0,0,0,0,0,115,0,0,107.5,74.81,107.31,76.5,33.7055560634884,54.1367555646832,109.897311130882,70.1006973656527,168.966009003454,96.7896408348172,224.238990298306,130.859129835042,283.801723256116,174.120838378629,343.589467727734,222.189491217329,390.455177202619,267.563757025504,423.938808373976,311.48288643448,458.209568544861,359.238838271534
62599914,31.621,0,0,0,0,0,0,0,0,0,0,115,0,0,107.5,74.81,107.31,76.5,33.6204431119053,54.2096116239987,109.800131180903,70.0284613552518,168.796908135469,96.9711861156927,224.054240613595,131.323256917533,283.254448330623,174.98122440468,342.823049853878,223.400964286391,389.673445221833,268.962694655534,423.170039041827,312.642646644395,457.530667582873,360.466711148709
62600114,31.821,0,0,0,0,0,0,0,0,0,0,115,0,0,107.06,73.75,106.75,73.94,33.6582078707706,54.102530680326,109.81501379887,70.0227162603652,168.772044309468,96.9683720469366,223.897686682021,131.420014005984,282.872439763274,175.359953259933,342.338260444958,223.960681815543,389.049612140869,269.698021993048,422.590085203152,313.508077235145,457.132862221573,361.023382197822
62600314,32.022,0,0,0,0,0,0,0,0,0,0,115,0,0,107.06,73.75,106.75,73.94,33.6861212619859,54.1424772814567,109.803590030021,70.0621853818433,168.707435047538,97.1464102054524,223.68546457045,131.742260627579,282.404298080723,176.050878083739,341.50457381518,225.049038764059,388.206524107172,271.042216997409,421.744884626604,314.637380456364,456.535723901364,362.12617951402
62600514,32.223,0,0,0,0,0,0,0,0,0,0,115,0,0,104.38,72.69,104,72.06,33.598263014021,54.1011206919022,109.780338032926,70.0491862518882,168.630597274487,97.1354947098627,223.494609284068,131.901344001136,282.041548962878,176.470540463428,341.004950463845,225.684420333072,387.81115833397,271.571555187042,421.207024741716,315.408239935374,456.144751049157,362.854808537164
62600714,32.422,0,0,0,0,0,0,0,0,0,0,115,0,0,104.38,72.69,104,72.06,33.6818588014809,54.1067257383375,109.8342268304,70.0708864111234,168.673783493086,97.2899957355539,223.34441856632,132.229994840326,281.696240415397,177.088028854184,340.314935958325,226.897503566736,386.688510448331,272.883833856949,420.320133298585,316.568674635927,455.444736632771,363.769419518391
62600914,32.622,0,0,0,0,0,0,0,0,0,0,115,0,0,104.38,72.69,104,72.06,33.6211465044397,54.1027832744417,109.808981987141,70.0794113955185,168.646893654905,97.4043296440463,223.13022713317,132.575002821937,281.240648907414,177.641599760205,339.834301000142,227.644188516934,386.098231836952,273.745064353845,419.785723967786,317.388652228394,454.949425105757,364.575686209421
62601114,32.822,0,0,0,0,0,0,0,0,0,0,115,0,0,102.25,71.56,102.94,70.13,33.6945953795926,54.1670177037031,109.757050080388,70.1970774069607,168.607744531737,97.5767509874314,223.096475562325,132.874429431077,281.064697721417,178.09184330382,339.414950498293,228.210781050971,385.716538511178,274.381812728514,419.329440282283,318.0100009981,454.599676427323,365.022688847294
62601314,33.022,0,0,0,0,0,0,0,0,0,0,115,0,0,102.25,71.56,102.94,70.13,33.7402907994961,54.1964582336974,109.769041521686,70.270850004081,168.498985556498,97.5108684131663,222.863964791902,132.886243697565,280.627356016619,178.303234976049,339.024180138946,228.701794182375,385.217667150212,274.924241122941,418.92059190011,318.713791244839,454.292369135835,365.675932233863
62601515,33.222,0,0,0,0,0,0,0,0,0,0,115,0,0,99.81,70,99.5,67.56,33.7079915642836,54.1205040909392,109.78367743957,70.2160481671079,168.504636331406,97.745945782596,222.763799139471,133.188740313646,280.376519071531,178.934733503209,338.357723425799,229.544352282961,384.580305358906,275.717940071737,418.297423133543,319.475178628429,453.777556551869,366.332441385015
62601714,33.423,0,0,0,0,0,0,0,0,0,0,115,0,0,99.81,70,99.5,67.56,33.5836151578016,54.1154231929768,109.678249841362,70.1516506392683,168.417359277143,97.7683744963622,222.588919120798,133.401014339764,279.961602865749,179.481241681222,337.691625000474,230.377356603463,383.951785864596,276.712281819154,417.817106770081,320.38845550419,453.551550404893,367.224949355796
62601914,33.622,0,0,0,0,0,0,0,0,0,0,115,0,0,99.81,70,99.5,67.56,33.6016423647756,54.1124588724411,109.746273898197,70.0700597230224,168.409221597134,97.7495231777754,222.379906250428,133.587342033183,279.699625408069,179.788607824148,337.301444509592,230.850326634037,383.438587656746,277.414581106995,417.455669293791,321.00160191787,453.168944599116,367.827585691424
62602114,33.821,0,0,0,0,0,0,0,0,0,0,115,0,0,97.56,69.44,96.94,66.81,33.7262464271991,54.1768555411382,109.811915581558,70.2677868483018,168.44884359261,97.894547177341,222.243652814855,133.833220349555,279.489810608018,180.153090077272,336.871424587414,231.319516850736,383.112950082336,277.818652365008,416.931214245445,321.405876642203,452.950557386531,368.126083597812
62602314,34.022,0,0,0,0,0,0,0,0,0,0,115,0,0,97.56,69.44,96.94,66.81,33.6543738575268,54.1750576941718,109.731224646928,70.3831422127599,168.293525287451,98.1085855686091,222.112614112948,134.249132253296,279.099784871127,180.850279223177,336.418165249416,232.1098379106,382.367485403706,278.827882647924,416.266114669398,322.294211610508,452.180007288434,368.911628516397
62602514,34.221,0,0,0,0,0,0,0,0,0,0,115,0,0,95.63,67.94,94.19,64.75,33.6909272518822,54.1158035568226,109.79563116894,70.2853620912463,168.304783377973,98.0384178324345,222.045751986048,134.213768299074,278.954481110102,180.892764243322,335.984037230771,232.492451528983,382.062775861296,279.075452752293,416.006093819224,322.50004099048,452.048241608596,369.162098998659
62602714,34.423,0,0,0,0,0,0,0,0,0,0,115,0,0,95.63,67.94,94.19,64.75,33.6272897506078,54.1340730066931,109.712710262592,70.3779605621084,168.231761106143,98.1624629265532,221.941850344045,134.511480084464,278.646225856382,181.301774087816,335.68416025836,232.94896864085,381.638440986694,279.676701636784,415.693119504883,323.053897169044,451.670061250823,369.605996470117
62602914,34.622,0,0,0,0,0,0,0,0,0,0,115,0,0,95.63,67.94,94.19,64.75,33.7144825062541,54.1115777842837,109.811130088786,70.2762537612642,168.227927280775,98.1310586596518,221.871523710734,134.462248459123,278.497099450199,181.402524324258,335.484034746345,233.217604069183,381.383790015148,280.012914415611,415.609363269415,323.365596105437,451.767326251668,369.89550100207
62603114,34.822,0,0,0,0,0,0,0,0,0,0,115,0,0,95.63,67.94,94.19,64.75,33.6996988699598,54.1052756279255,109.709459223318,70.3399392763476,168.240519289774,98.0925255794252,221.827810377338,134.498724477096,278.35846872781,181.562192930197,335.145491026555,233.541383847018,381.06056016294,280.309890008251,415.251892078693,323.83340899612,451.610078247318,370.264639102767
,,,,,,,,,,,,,,,,,,,,,,,,,,,,,,,,,,,,
,,,,,,,,,,,,,,,,,,,,,,,,,,,,,,,,,,,,
